{"cameraMode":{"drawMode":0,"name":"Shaded","section":"Shading Mode"},"sceneLighting":false,"audioPlay":false,"sceneViewState":{"showFog":true,"showMaterialUpdate":false,"showSkybox":true,"showFlares":true,"showImageEffects":true,"showParticleSystems":true},"in2DMode":false,"pivot":{"x":-559.4036254882813,"y":-713.50048828125,"z":1098.159423828125},"rotation":{"x":-0.25231415033340456,"y":0.22562308609485627,"z":-0.06062650308012962,"w":-0.9390179514884949},"size":1446.232177734375,"orthographic":false}