{"cameraMode":{"drawMode":0,"name":"Shaded","section":"Shading Mode"},"sceneLighting":false,"audioPlay":false,"sceneViewState":{"showFog":true,"showMaterialUpdate":false,"showSkybox":false,"showFlares":true,"showImageEffects":true,"showParticleSystems":true},"in2DMode":false,"pivot":{"x":0.3652362823486328,"y":1.284354329109192,"z":9.119999885559082},"rotation":{"x":0.37280258536338808,"y":0.0764211118221283,"z":-0.03083183243870735,"w":0.924250602722168},"size":13.337696075439454,"orthographic":true}