{"cameraMode":{"drawMode":0,"name":"Shaded","section":"Shading Mode"},"sceneLighting":false,"audioPlay":false,"sceneViewState":{"showFog":true,"showMaterialUpdate":false,"showSkybox":false,"showFlares":true,"showImageEffects":true,"showParticleSystems":true},"in2DMode":false,"pivot":{"x":0.04937005043029785,"y":2.932955741882324,"z":-1.1356226205825806},"rotation":{"x":-0.25231415033340456,"y":0.22562308609485627,"z":-0.06062650308012962,"w":-0.9390179514884949},"size":4.7054643630981449,"orthographic":false}